{
  "[0,32)": 0.010066,
  "[32,64)": 0.03596,
  "[64,96)": 0.058496,
  "[96,128)": 0.062776,
  "[128,160)": 0.060632,
  "[160,192)": 0.05615,
  "[192,224)": 0.051602,
  "[224,256)": 0.046961,
  "[256,288)": 0.043527,
  "[288,320)": 0.039809,
  "[320,352)": 0.035857,
  "[352,384)": 0.032632,
  "[384,416)": 0.0305,
  "[416,448)": 0.028518,
  "[448,480)": 0.026541,
  "[480,512)": 0.026257,
  "[512,544)": 0.02424,
  "[544,576)": 0.021284,
  "[576,608)": 0.019171,
  "[608,640)": 0.017614,
  "[640,672)": 0.015991,
  "[672,704)": 0.014906,
  "[704,736)": 0.01386,
  "[736,768)": 0.012765,
  "[768,800)": 0.0118,
  "[800,832)": 0.010991,
  "[832,896)": 0.019169,
  "[896,960)": 0.016308,
  "[960,1024)": 0.014782,
  "[1024,1088)": 0.012799,
  "[1088,1152)": 0.010717,
  "[1152,1248)": 0.013402,
  "[1248,1344)": 0.010878,
  "[1344,1472)": 0.01175,
  "[1472,1632)": 0.011866,
  "[1632,1824)": 0.010432,
  "[1824,2080)": 0.010402,
  "[2080,2464)": 0.010383,
  "[2464,3104)": 0.010364,
  "[3104,4544)": 0.010031,
  "[4544,10912)": 0.010011,
  "[10912,475872)": 0.007308
}
