{
  "[0,32)": 0.029931,
  "[32,64)": 0.063955,
  "[64,96)": 0.064939,
  "[96,128)": 0.070109,
  "[128,160)": 0.071745,
  "[160,192)": 0.070039,
  "[192,224)": 0.067682,
  "[224,256)": 0.059416,
  "[256,288)": 0.053688,
  "[288,320)": 0.038126,
  "[320,352)": 0.030705,
  "[352,384)": 0.025864,
  "[384,416)": 0.022355,
  "[416,448)": 0.019422,
  "[448,480)": 0.017154,
  "[480,512)": 0.015142,
  "[512,544)": 0.013648,
  "[544,576)": 0.012338,
  "[576,608)": 0.011102,
  "[608,640)": 0.010029,
  "[640,704)": 0.017699,
  "[704,768)": 0.015366,
  "[768,832)": 0.013425,
  "[832,896)": 0.011622,
  "[896,960)": 0.010074,
  "[960,1056)": 0.01299,
  "[1056,1152)": 0.010747,
  "[1152,1280)": 0.011763,
  "[1280,1440)": 0.012227,
  "[1440,1600)": 0.010025,
  "[1600,1792)": 0.010877,
  "[1792,2016)": 0.010893,
  "[2016,2304)": 0.0106,
  "[2304,2720)": 0.010606,
  "[2720,3264)": 0.01054,
  "[3264,3904)": 0.010051,
  "[3904,4704)": 0.010083,
  "[4704,5792)": 0.010228,
  "[5792,7584)": 0.010093,
  "[7584,14208)": 0.010011,
  "[14208,9323168)": 0.002246
}
